Job Title,Company Name,Job URL,Applied Date,Status,Status Date,Archived,Date Archived,Notes
Software Engineer (AHT),0090 CORP-Corporate Office,https://ngc.wd1.myworkdayjobs.com/en-US/northrop_grumman_external_site/job/United-States-Florida-Orlando/Software-Engineer--AHT-_R10187789/apply/applyManually,N/A,SAVED,2025-03-19,No,N/A,
Software Engineer,Garda Capital Partners,https://job-boards.greenhouse.io/gardacp/jobs/4614474004,2025-03-18,APPLIED,2025-03-18,No,N/A,
Software Engineer,Garda Capital Partners,https://job-boards.greenhouse.io/gardacp/jobs/4614474004,2025-03-18,APPLIED,2025-03-18,No,N/A,
Software Engineer,Tyler Technologies,https://jobs.jobvite.com/careers/tylertech/job/oaWlvfwG/apply?__jvst=career%20site,2025-03-16,APPLIED,2025-03-16,No,N/A,
Software Engineer,Magic Leap,https://boards.greenhouse.io/magicleapinc/jobs/6291976,2025-01-30,APPLIED,2025-01-30,No,N/A,
SWE,Amentum,https://jacobs.taleo.net/careersection/careersection/candidateacquisition/flow.jsf,N/A,SAVED,2025-01-30,No,N/A,
Senior Software Engineer,Circadia Health,https://jobs.lever.co/circadiahealth/f0c36b34-7d4f-41d6-8a5f-e6026f5f8b2a/apply,N/A,SAVED,2025-01-30,No,N/A,
Software Engineer in Test,Veeva Systems,https://jobs.lever.co/veeva/c4c0e546-f230-4cd8-bc67-2166ebc000a5/apply,N/A,SAVED,2025-01-29,No,N/A,
Software Engineer in Test,Veeva Systems,https://jobs.lever.co/veeva/14568509-847a-4674-a234-45704d8ebac2/apply,2025-01-29,APPLIED,2025-01-29,No,N/A,
Backend Software Engineer,Dune Security,https://dune.security/careers/?ashby_jid=5851f97f-2007-4285-a7f3-29c63ae0b231,2025-01-21,APPLIED,2025-01-21,No,N/A,
Backend Software Engineer,Dune Security,https://dune.security/careers/?ashby_jid=5851f97f-2007-4285-a7f3-29c63ae0b231,N/A,SAVED,2025-01-21,No,N/A,
Python Developer - Integrations,"*US AMR-Jones Lang LaSalle Americas, Inc",https://jll.wd1.myworkdayjobs.com/en-US/jlltcareers/job/Boston%2C-MA/Data-Analyst---Integrations_REQ401859/apply/applyManually,N/A,SAVED,2025-01-18,No,N/A,
Senior Software Engineer (Reporting &amp; Analytics),EXT,https://gartner.wd5.myworkdayjobs.com/en-US/EXT/job/Fort-Myers%2C-FL/Senior-Software-Engineer--Reporting---Analytics-_95717/apply/applyManually,N/A,SAVED,2025-01-18,No,N/A,
Sr. Software QA Engineer,Data Direct Networks,https://careers-ddn.icims.com/jobs/5000/sr.-software-qa-engineer/job,2025-01-14,APPLIED,2025-01-14,No,N/A,
Sr. Software QA Engineer,Data Direct Networks,https://careers-ddn.icims.com/jobs/5000/sr.-software-qa-engineer/job,2025-01-14,APPLIED,2025-01-14,No,N/A,
Sr. Software QA Engineer,Data Direct Networks,https://careers-ddn.icims.com/jobs/5000/sr.-software-qa-engineer/job,2025-01-14,APPLIED,2025-01-14,No,N/A,
Sr. Software QA Engineer,Data Direct Networks,https://careers-ddn.icims.com/jobs/5000/sr.-software-qa-engineer/job,N/A,SAVED,2025-01-14,No,N/A,
Software Engineer I (US),TD Bank,https://td.wd3.myworkdayjobs.com/en-US/TD_Bank_Careers/job/Mount-Laurel%2C-New-Jersey/Software-Engineer-I--US-_R_1381071/apply/applyManually?timeType=14c9322ea8e3014f4096d9d2dc025400&jobFamilyGroup=de769652963501f2001247b507040dac&locationCountry=bc33aa3152ec42d4995f4791a106ed09,N/A,SAVED,2025-01-13,No,N/A,
Full Stack Engineer,Kalepa,https://boards.greenhouse.io/kalepa/jobs/4385801004,2025-01-13,APPLIED,2025-01-13,No,N/A,
LLM Developer,WorldQuant,https://boards.greenhouse.io/worldquant/jobs/4412867006,2025-01-13,APPLIED,2025-01-13,No,N/A,
Software Engineer,Beam,https://jobs.lever.co/beam/7870e8ed-9d31-4f13-9ff1-8f1ed27c0afa/apply,2025-01-13,APPLIED,2025-01-13,No,N/A,
Analytics Engineer,Optimal Dynamics,https://job-boards.greenhouse.io/optimaldynamics/jobs/5361885004,2025-01-10,APPLIED,2025-01-10,No,N/A,
Geospatial Developer,NV5,https://careers-nv5.icims.com/jobs/10574/job?utm_source=hiringcafe_integration&iis=Job+Board&iisn=HiringCafe&mobile=false&width=1652&height=500&bga=true&needsRedirect=false&jan1offset=-300&jun1offset=-240,2025-01-10,APPLIED,2025-01-10,No,N/A,
Machine Learning Engineer,Lendbuzz,https://jobs.lever.co/lendbuzz/73293aea-e1ef-4da4-b711-9a1a0f65a7ca/apply,2025-01-10,APPLIED,2025-01-10,No,N/A,
Software Engineer,Slope,https://jobs.ashbyhq.com/slope/ba6b253b-b5cb-464b-a495-0cbca2d0ee49/application,2025-01-10,APPLIED,2025-01-10,No,N/A,
(Python Based) Research Engineer,external,https://thomsonreuters.wd5.myworkdayjobs.com/en-US/external_career_site/job/USA-MSP-2900-Ames-Crossing-Road/XMLNAME--Python-Based--Research-Engineer_JREQ186635/apply/applyManually,2025-01-10,APPLIED,2025-01-10,No,N/A,
Software Engineer I,Iridium Satellite Communications,https://careers-iridium.icims.com/jobs/4346/job?utm_source=hiringcafe_integration&iis=Job+Board&iisn=HiringCafe&mobile=false&width=1440&height=500&bga=true&needsRedirect=false&jan1offset=-300&jun1offset=-240,2025-01-10,APPLIED,2025-01-10,No,N/A,
Software Engineer II,Attentive,https://jobs.lever.co/attentive/ea3ddb18-cd58-42ec-81be-72aa56dbba86/apply,2025-01-10,APPLIED,2025-01-10,No,N/A,
Software Engineer I,Cambridge Mobile Telematics,https://www.cmtelematics.com/who-we-are/join-our-team/job-posting/?gh_jid=6381682,2025-01-10,APPLIED,2025-01-10,No,N/A,
Data Engineer,Origami Risk LLC,https://careers-origamirisk.icims.com/jobs/3481/job?utm_source=hiringcafe_integration&iis=Job+Board&iisn=HiringCafe&mobile=false&width=1651&height=500&bga=true&needsRedirect=false&jan1offset=-300&jun1offset=-240,2025-01-08,APPLIED,2025-01-08,No,N/A,
Back-end Engineer,Doss,https://jobs.ashbyhq.com/doss/4ba03962-b1b9-4788-a78d-6f1251172f3a/application,2025-01-08,APPLIED,2025-01-08,No,N/A,
Software Engineer,Baton,https://jobs.ashbyhq.com/baton/fb06e82a-bf94-4fb9-8cca-f02c77910fbd/application,2025-01-10,APPLIED,2025-01-10,No,N/A,
SDET,Exegy Inc,https://recruiting.paylocity.com/Recruiting/Jobs/Success/2959586,2025-01-08,APPLIED,2025-01-08,No,N/A,
Software Development Engineer,Rapid Micro Biosystems,https://jobs.lever.co/rapidmicrobio/f442dbe8-4c5c-4a4f-b3ad-f0eb8e0530ce/apply?lever-source=Simplify,2025-01-08,APPLIED,2025-01-08,No,N/A,
Customer Data Science Backend Developer,Dillards,https://job-boards.greenhouse.io/dillards/jobs/4598296007,2025-01-07,APPLIED,2025-01-07,No,N/A,
Software Engineer,Chalk,https://job-boards.greenhouse.io/chalkinc/jobs/4031707005,2025-01-07,APPLIED,2025-01-07,No,N/A,
Software Engineer,Chalk,https://job-boards.greenhouse.io/chalkinc/jobs/4031707005,2025-01-07,APPLIED,2025-01-07,No,N/A,
SDET,Charles Schwab,N/A,2025-01-06,APPLIED,2025-01-06,No,N/A,
QA Engineer II,SPGI,https://spgi.wd5.myworkdayjobs.com/en-US/SPGI_Careers/job/New-York-NY/QA-Engineer-II_291950-1/apply/applyManually?utm_source=linkedin,2025-01-03,APPLIED,2025-01-03,No,N/A,
Applications Engineer,Piermont Bank,https://boards.greenhouse.io/piermontbank/jobs/4600986007?utm_source=Simplify&gh_src=Simplify#app,2025-01-03,APPLIED,2025-01-03,No,N/A,
Software Engineer,River,https://jobs.ashbyhq.com/river/42510834-751d-48a9-adc9-2bc35560c516/application?ref=Simplify&src=Simplify&utm_source=Simplify,2025-01-01,APPLIED,2025-01-01,No,N/A,
Software Engineer,River,https://jobs.ashbyhq.com/river/42510834-751d-48a9-adc9-2bc35560c516,2025-01-10,APPLIED,2025-01-10,No,N/A,
Data Analyst,Contentsquare,https://jobs.lever.co/contentsquare/112b57d7-f0c2-4c55-9afc-0c6be03d261e/apply,2024-11-07,APPLIED,2024-11-07,No,N/A,
Software Engineer (Python),Garda Capital Partners,N/A,2024-11-04,APPLIED,2024-11-04,No,N/A,
Junior Support Engineer,Bridgewater Associates,N/A,2024-10-23,APPLIED,2024-10-23,No,N/A,
Application Developer,Marsh McLennan,N/A,2024-10-23,APPLIED,2024-10-23,No,N/A,
Mid-level Software Engineer,Pear VC,N/A,2024-10-22,APPLIED,2024-10-22,No,N/A,
Integrations Engineer,Capitalize,N/A,2024-10-22,APPLIED,2024-10-22,No,N/A,
Python Engineer,SplitMetrics,N/A,2024-10-15,APPLIED,2024-10-15,No,N/A,
Full Stack Software Engineer,Databento,https://boards.greenhouse.io/databento/jobs/6325185,2024-10-15,APPLIED,2024-10-15,No,N/A,
Junior Python Developer,Citigroup,N/A,2024-10-11,APPLIED,2024-10-11,No,N/A,
Software Engineer (Trading),Fidelity Investments,N/A,2024-10-10,APPLIED,2024-10-10,No,N/A,
Software Engineer,Captions,https://jobs.ashbyhq.com/captions/6f9021c0-f4a1-4f9e-baed-27ebdb824564/application,2024-10-10,APPLIED,2024-10-10,No,N/A,
Backend Software Engineer,Pave,N/A,2024-10-10,APPLIED,2024-10-10,No,N/A,
Software Engineer,Peloton,https://careers.onepeloton.com/en/all-jobs/?gh_jid=6181601,2024-10-10,APPLIED,2024-10-10,No,N/A,
Senior Python Engineer,Hudson River Trading,https://www.hudsonrivertrading.com/careers/job/?gh_jid=4384499,2023-10-02,REJECTED,2024-04-02,No,N/A,
Software Engineer,American Express,N/A,2024-09-26,APPLIED,2024-09-26,No,N/A,
Python Developer - Risk Tech,SMBC,N/A,2024-09-26,APPLIED,2024-09-26,No,N/A,
SWE,Sumitomo Bank,N/A,2024-09-25,APPLIED,2024-09-25,No,N/A,
QA Engineer,S&P Global,N/A,2024-09-25,APPLIED,2024-09-25,No,N/A,
Software Engineer,Perchwell,https://jobs.ashbyhq.com/Perchwell/351e065d-31b5-441d-a0e9-4031dd8a3beb/application,2024-09-25,APPLIED,2024-09-25,No,N/A,
QA Engineer,Allergan Data Labs,N/A,2024-09-20,APPLIED,2024-09-20,No,N/A,
Software Engineer,ServiceTitan,N/A,2024-09-20,APPLIED,2024-09-20,No,N/A,
Associate Software Engineer,BlackRock_Professional,N/A,2024-09-20,APPLIED,2024-09-20,No,N/A,
Quantitative Front Office Engineer,AQR Capital Management,https://careers.aqr.com/jobs?gh_jid=5445310&gh_jid=5445310,2024-09-20,APPLIED,2024-09-20,No,N/A,
SWE,CareerDepot,N/A,2024-09-20,APPLIED,2024-09-20,No,N/A,
SWE,Fiserv,N/A,2024-09-06,APPLIED,2024-09-06,No,N/A,
SWE 1,Disney,N/A,2024-09-06,APPLIED,2024-09-06,No,N/A,
Associate Quality Engineer,Veeva Systems,https://jobs.lever.co/veeva/c45f9436-6174-4b16-9459-3bebb588b474/apply,2024-09-06,APPLIED,2024-09-06,No,N/A,
Python Developer,Interactive Brokers,N/A,2024-08-29,APPLIED,2024-08-29,No,N/A,
Software Test Engineer,Caterpillar Inc.,N/A,2024-08-29,APPLIED,2024-08-29,No,N/A,
SWE,CaterpillarCareers,N/A,2024-08-29,APPLIED,2024-08-29,No,N/A,
Storage Scale - QA/Test Developer,IBM,N/A,2024-08-27,APPLIED,2024-08-27,No,N/A,
Software Developer,Schroders,N/A,2024-08-26,APPLIED,2024-08-26,No,N/A,
"Digital Applications Support Analyst, AT",applebankcareers,N/A,2024-08-19,APPLIED,2024-08-19,No,N/A,
Data Analyst,Charter Communications,N/A,2024-08-19,APPLIED,2024-08-19,No,N/A,
Software Engineer (DevOps),Prudential Financial,N/A,2024-08-15,APPLIED,2024-08-15,No,N/A,
Backend Software Engineer II,Intuit,N/A,2024-08-13,APPLIED,2024-08-13,No,N/A,
Software Engineer II,Cedar,https://www.cedar.com/open-roles/?gh_jid=6120450,2024-08-13,APPLIED,2024-08-13,No,N/A,
Application Engineer,FRS,N/A,2024-08-12,APPLIED,2024-08-12,No,N/A,
Software Engineer,ISEE,N/A,2024-08-08,APPLIED,2024-08-08,No,N/A,
Software Engineer,The New York Times,N/A,2024-07-30,APPLIED,2024-07-30,No,N/A,
Software Engineer,The New York Times,https://boards.greenhouse.io/thenewyorktimes/jobs/4436780005,2024-07-30,APPLIED,2024-07-30,No,N/A,
Operations & Infrastructure Developer,TIAA,N/A,2024-07-30,APPLIED,2024-07-30,No,N/A,
Full Stack Developer,SPGI,N/A,2024-07-29,APPLIED,2024-07-29,No,N/A,
Full Stack Developer,Apollo Global Management,N/A,2024-07-29,APPLIED,2024-07-29,No,N/A,
Software Engineer II (Python),JP Morgan Chase,N/A,2024-07-24,APPLIED,2024-07-24,No,N/A,
"Analytics Engineer, Forward Deployment",Marsh McLennan,N/A,2024-07-23,APPLIED,2024-07-23,No,N/A,
Trade Application Support,Verition Group LLC,N/A,2024-07-23,APPLIED,2024-07-23,No,N/A,
UI Automation Test Engineer,Verition Group LLC,N/A,2024-07-23,APPLIED,2024-07-23,No,N/A,
Support Engineer,Freshpaint,https://jobs.ashbyhq.com/freshpaint/1a3f0e91-c73e-4b52-af05-714258de7627/application,2024-06-25,APPLIED,2024-06-25,No,N/A,
QA Engineer,WhatNot,https://boards.greenhouse.io/whatnot/jobs/5183873004,2024-06-25,APPLIED,2024-06-25,No,N/A,
Support Engineer,Retool,https://job-boards.greenhouse.io/retool/jobs/4225191005,2024-06-25,APPLIED,2024-06-25,No,N/A,
Developer (VBA and SQL),Primary-External-1,N/A,2024-06-11,APPLIED,2024-06-11,No,N/A,
Associate Quality Engineer,Veeva Systems,https://jobs.lever.co/veeva/aca8cd98-e800-45b9-94bc-cb2c3077b49d/apply,2024-06-11,APPLIED,2024-06-11,No,N/A,
Software Engineer II,BAE Systems,N/A,2024-06-11,APPLIED,2024-06-11,No,N/A,
Associate Full Stack Developer,Flash,N/A,2024-06-11,APPLIED,2024-06-11,No,N/A,
Developer - Contract role,USZoom LLC,N/A,2024-06-11,APPLIED,2024-06-11,No,N/A,
"Software Engineer, Back End",Capital One,N/A,2024-06-11,APPLIED,2024-06-11,No,N/A,
Urgent: Remote AI Engineer - Contract,Outlier AI,N/A,2024-06-11,APPLIED,2024-06-11,No,N/A,
Remote Software Developers - AI Training (Contract),Outlier,N/A,2024-06-11,APPLIED,2024-06-11,No,N/A,
Software Engineer,Coalition,https://careers.coalitioninc.com/job-posting/?gh_jid=4428010005,2024-06-11,APPLIED,2024-06-11,No,N/A,
Junior Software Engineer,Syntax,https://jobs.lever.co/syntax/a7900d10-1203-4d44-8a2d-c42fb57ca07d/apply,2024-06-11,APPLIED,2024-06-11,No,N/A,
Software Engineer I,The Travelers Companies,N/A,2024-06-07,APPLIED,2024-06-07,No,N/A,
Software Engineer Test,The Travelers Companies,N/A,2024-06-07,APPLIED,2024-06-07,No,N/A,
"Digital Applications Support Analyst, AT",applebankcareers,N/A,2024-06-06,APPLIED,2024-06-06,No,N/A,
QA Engineer 2,DriveWealth,https://boards.greenhouse.io/drivewealth/jobs/5787650003,2024-06-06,APPLIED,2024-06-06,No,N/A,
Software Engineer,Microsoft,N/A,2024-06-06,APPLIED,2024-06-06,No,N/A,
Software Engineer,Justworks,https://boards.greenhouse.io/justworks/jobs/5404138,2024-06-06,APPLIED,2024-06-06,No,N/A,
Senior QA Analyst,Spectrum,N/A,2024-06-05,APPLIED,2024-06-05,No,N/A,
SWE,Service Titan,N/A,2024-06-04,APPLIED,2024-06-04,No,N/A,
Software Engineer III - Tooling & Programming,Sirius XM,N/A,2024-06-04,APPLIED,2024-06-04,No,N/A,
Software Engineer - Backend,Fulfil Solutions,N/A,2024-06-04,APPLIED,2024-06-04,No,N/A,
SWE,Morgan Stanley,N/A,2024-06-04,APPLIED,2024-06-04,No,N/A,
Senior Test Automation Engineer (Fed/Civ),Aretum,N/A,2024-06-04,APPLIED,2024-06-04,No,N/A,
Automation Developer,FanDuel,https://www.fanduel.careers/open-positions?gh_jid=6001077,2024-06-04,APPLIED,2024-06-04,No,N/A,
Crypto Data QA Engineer,Messari,https://boards.greenhouse.io/messari/jobs/4409883005,2024-06-04,APPLIED,2024-06-04,No,N/A,
Application Support Analyst,Capula,N/A,2024-05-30,APPLIED,2024-05-30,No,N/A,
Support Analyst,Omnicom Media Group,N/A,2024-05-30,APPLIED,2024-05-30,No,N/A,
Senior Support Analyst,ION Group,https://jobs.lever.co/ion/cd300b8e-60fb-4abf-9a9d-d76651eeb703/apply,2024-05-30,APPLIED,2024-05-30,No,N/A,
Software Engineer,Charter Communications,N/A,2024-05-29,APPLIED,2024-05-29,No,N/A,
SWE,Omnicom Media Group,N/A,2024-05-28,APPLIED,2024-05-28,No,N/A,
SWE,About Nextdoor,N/A,2024-05-28,APPLIED,2024-05-28,No,N/A,
Full Stack Software Engineer,Wheel,N/A,2024-05-28,APPLIED,2024-05-28,No,N/A,
Software Engineer,Cockroach Labs,https://www.cockroachlabs.com/careers/job/?gh_jid=5914852,2024-05-28,APPLIED,2024-05-28,No,N/A,
Software Engineer,Current,https://current.com/careers/open-positions/?id=5918179&gh_jid=5918179,2024-05-27,APPLIED,2024-05-27,No,N/A,
Software Engineer,Narmi,https://jobs.lever.co/narmi/362d3c62-5189-4e85-b106-3113155fdac7/apply,2024-05-27,APPLIED,2024-05-27,No,N/A,
Software Engineer,Octaura,N/A,2024-05-27,APPLIED,2024-05-27,No,N/A,
Software Engineer II,Narmi,https://jobs.lever.co/narmi/3f89c175-bdfb-47b6-8d52-c34dcd492e13/apply,2024-05-27,APPLIED,2024-05-27,No,N/A,
Software Engineer,Brigit,https://jobs.ashbyhq.com/brigit/b6fd9d9c-7f4b-4a37-8589-0ba08983a9e1/application,2024-05-27,APPLIED,2024-05-27,No,N/A,
Software Engineer,Engineers Gate,https://job-boards.greenhouse.io/engineersgate/jobs/5841169,2024-05-27,APPLIED,2024-05-27,No,N/A,
Platform Engineer,MarketAxess,https://www.marketaxess.com/careers/current-openings/detail/jobs/4339967006?gh_jid=4339967006,2024-05-27,APPLIED,2024-05-27,No,N/A,
Software Engineer,Aquatic Capital Management,https://boards.greenhouse.io/aquaticcapitalmanagement/jobs/5818049002,2024-05-27,APPLIED,2024-05-27,No,N/A,
Mid/Senior Software Engineer,Nova Credit,N/A,2024-05-27,APPLIED,2024-05-27,No,N/A,
Senior Software Engineer,Pinwheel,https://job-boards.greenhouse.io/pinwheelapi/jobs/5980583003,2024-05-27,APPLIED,2024-05-27,No,N/A,
Software Engineer,Check,https://boards.greenhouse.io/check/jobs/4858822004,2024-05-27,APPLIED,2024-05-27,No,N/A,
Software Engineer II,Addepar,https://boards.greenhouse.io/addepar1/jobs/7461959002,2024-05-27,APPLIED,2024-05-27,No,N/A,
Associate Software Engineer in Test (Remote),American Specialty Health,N/A,2024-05-27,APPLIED,2024-05-27,No,N/A,
SDET,Seismic,N/A,2024-05-27,APPLIED,2024-05-27,No,N/A,
Software Engineer II,Bank of America,N/A,2024-05-27,APPLIED,2024-05-27,No,N/A,
Software Engineer I - Year Up,Bank of America,N/A,2024-05-27,APPLIED,2024-05-27,No,N/A,
SQL Developer,Anteriad,https://boards.greenhouse.io/anteriad/jobs/4863902004,2024-05-27,APPLIED,2024-05-27,No,N/A,
Software Developer,Schrödinger,https://job-boards.greenhouse.io/schrdinger/jobs/4320220003,2024-05-24,APPLIED,2024-05-24,No,N/A,
Senior Software Engineer,Kroll Bond Rating Agency,https://boards.greenhouse.io/krollbondratingagency/jobs/7221591002,2024-05-24,APPLIED,2024-05-24,No,N/A,
Full Stack Software Engineer,monday.com,N/A,2024-05-24,APPLIED,2024-05-24,No,N/A,
Software Engineer II,Bank of America,N/A,2024-05-24,APPLIED,2024-05-24,No,N/A,
Data Engineer-Testing,Federal Reserve,N/A,2024-05-24,APPLIED,2024-05-24,No,N/A,
Python Software Engineer,Old Mission,https://www.oldmissioncapital.com/careers/?gh_jid=5901808003,2024-05-24,APPLIED,2024-05-24,No,N/A,
AppSec Engineer,Capital One,N/A,2024-05-24,APPLIED,2024-05-24,No,N/A,
Senior Application Security Engineer,Mercury,https://boards.greenhouse.io/mercury/jobs/5179111004,2024-05-24,APPLIED,2024-05-24,No,N/A,
Developer III,NBCareers,N/A,2024-05-24,APPLIED,2024-05-24,No,N/A,
Software Engineer II,UiPath,N/A,2024-05-24,APPLIED,2024-05-24,No,N/A,
Application Security Engineer,RxSense,https://job-boards.greenhouse.io/rxsense/jobs/4416881005,2024-05-24,APPLIED,2024-05-24,No,N/A,
Software Security Engineer II ,Esri,N/A,2024-05-24,APPLIED,2024-05-24,No,N/A,
Software Engineer - Store Management Systems,GE,N/A,2024-05-23,APPLIED,2024-05-23,No,N/A,
Software Engineer,PNC Financial Services,N/A,2024-05-23,APPLIED,2024-05-23,No,N/A,
Senior Quality Automation Engineer,Prudential Financial,N/A,2024-05-22,APPLIED,2024-05-22,No,N/A,
Software Engineer,Careers,N/A,2024-05-22,APPLIED,2024-05-22,No,N/A,
QA Automation Engineer II,Aya Healthcare,N/A,2024-05-16,APPLIED,2024-05-16,No,N/A,
Software Engineer II,Nayya,https://nayya.com/career?gh_jid=5176893004,2024-05-12,APPLIED,2024-05-12,No,N/A,
SWE,Vanguard,N/A,2024-05-07,APPLIED,2024-05-07,No,N/A,
Senior Software Engineer - C++ Networking - DoD SECRET Clearance (ONSITE) Engineering,REC_RTX_Ext_Gateway,N/A,2024-05-03,APPLIED,2024-05-03,No,N/A,
Senior Software Engineer – Radar – C++ Engineering,RTX,N/A,2024-05-03,APPLIED,2024-05-03,No,N/A,
Software Engineer (Onsite),RTX,N/A,2024-05-03,APPLIED,2024-05-03,No,N/A,
Senior Embedded Software Engineer – C++,RTX,N/A,2024-05-03,APPLIED,2024-05-03,No,N/A,
Senior Systems/Software Engineer (Hybrid),RTX,N/A,2024-05-03,APPLIED,2024-05-03,No,N/A,
"FlightAware - Software Engineer, ADS-B (Remote)",RTX,N/A,2024-05-03,APPLIED,2024-05-03,No,N/A,
SWE,RTX,N/A,2024-05-03,APPLIED,2024-05-03,No,N/A,
SWE Manager,Rockwell Collins,N/A,2024-05-03,APPLIED,2024-05-03,No,N/A,
Sr Associate Software Development Engineer in Test (Early Career),SAS,N/A,2024-05-03,APPLIED,2024-05-03,No,N/A,
Software Engineer,IXL Learning,https://www.ixl.com/company/jobs?gh_jid=6855206002,2024-05-03,APPLIED,2024-05-03,No,N/A,
SWE,BetaNXT,N/A,2024-05-03,APPLIED,2024-05-03,No,N/A,
Software Development Engineer in Test (SDET),Align,N/A,2024-05-03,APPLIED,2024-05-03,No,N/A,
Software Engineer,Cenith Innovations,N/A,2024-05-03,APPLIED,2024-05-03,No,N/A,
Software Engineer,"Chico's FAS, Inc.",N/A,2024-05-02,APPLIED,2024-05-02,No,N/A,
Back End Software Engineer II,Abnormal Security,https://careers.abnormalsecurity.com/jobs/5867745003?gh_jid=5867745003,2024-05-02,APPLIED,2024-05-02,No,N/A,
"Senior Software Engineer I, ChannelIO",HubSpot,N/A,2024-05-02,APPLIED,2024-05-02,No,N/A,
Senior Data Engineer & Analyst,Life House Hotels,N/A,2024-05-01,APPLIED,2024-05-01,No,N/A,
SDET/QA Automation Engineer I,Vestwell,https://vestwell.com/careers/5531172003?gh_jid=5531172003,2024-05-01,APPLIED,2024-05-01,No,N/A,
Software Engineer,Jericho Security,N/A,2024-05-01,APPLIED,2024-05-01,No,N/A,
Early Software Engineer,Orb Labs,N/A,2024-05-01,APPLIED,2024-05-01,No,N/A,
Software Engineer,Squarespace,http://www.squarespace.com/about/careers?gh_jid=5599751,2024-05-01,APPLIED,2024-05-01,No,N/A,
Software Engineer,fuboTV,https://careers.fubo.tv/fubotv-job-openings/?gh_jid=5930801,2024-05-01,APPLIED,2024-05-01,No,N/A,
Full Stack Engineer,Mark43,https://mark43.com/list-job/5922170?gh_jid=5922170,2024-05-01,APPLIED,2024-05-01,No,N/A,
Jr. Software Engineer,Avero,https://jobs.lever.co/avero/b595c8cf-34b9-49d7-b762-0a53a0b89d66/apply,2024-05-01,APPLIED,2024-05-01,No,N/A,
Senior Language Test Engineer (SDET),Epic Games,N/A,2024-05-01,APPLIED,2024-05-01,No,N/A,
Software Engineer,HHAexchange,N/A,2024-05-01,APPLIED,2024-05-01,No,N/A,
Software Engineer 2,Venteur,N/A,2024-05-01,APPLIED,2024-05-01,No,N/A,
Software Engineer,Airbnb,N/A,2024-05-01,APPLIED,2024-05-01,No,N/A,
Software Engineer,Coinbase,N/A,2024-05-01,APPLIED,2024-05-01,No,N/A,
Software Engineer Full Stack,The New York Times,https://boards.greenhouse.io/thenewyorktimes/jobs/4412960005,2024-05-01,APPLIED,2024-05-01,No,N/A,
Associate Software Engineer,Scholastic,N/A,2024-04-28,APPLIED,2024-04-28,No,N/A,
Financial Data Analyst (Hybrid - Flexible Options),Broadridge,N/A,2024-04-23,APPLIED,2024-04-23,No,N/A,
Finance Analyst,ReedExhibitions,N/A,2024-04-23,APPLIED,2024-04-23,No,N/A,
Trading Systems Developer,FalconX,https://job-boards.greenhouse.io/falconx/jobs/4091930005,2024-04-23,APPLIED,2024-04-23,No,N/A,
Software Engineer,Opto Investments,https://job-boards.greenhouse.io/optoinvest/jobs/5871556003,2024-04-23,APPLIED,2024-04-23,No,N/A,
"Software Engineer - Remote or Flexible Hybrid (NYC, Chicago, IL or Lenexa, KS)",Cboe,N/A,2024-04-23,APPLIED,2024-04-23,No,N/A,
SDET,ASML,N/A,2024-04-21,APPLIED,2024-04-21,No,N/A,
US Tech - Python Developer,PricewaterhouseCoopers (PwC),N/A,2024-04-16,APPLIED,2024-04-16,No,N/A,
Backend Engineer,Prime,https://jobs.ashbyhq.com/prime/e3c10129-0144-4dc2-b5d4-31e9edccd99b/application,2024-04-16,APPLIED,2024-04-16,No,N/A,
Senior Software Engineer,Grow Therapy,https://boards.greenhouse.io/growtherapy/jobs/4086262005,2024-04-16,APPLIED,2024-04-16,No,N/A,
Software Engineer II,EnergyHub,https://www.energyhub.com/careers/job-listings?gh_jid=7312057002,2024-04-16,APPLIED,2024-04-16,No,N/A,
Software Engineer - Backend,Monzo Bank,N/A,2024-04-16,APPLIED,2024-04-16,No,N/A,
Software Engineer,Angi,https://boards.greenhouse.io/angi/jobs/7107810002,2024-04-16,APPLIED,2024-04-16,No,N/A,
Software Engineer,Datadog,https://careers.datadoghq.com/detail/5896793/?gh_jid=5896793,2024-04-16,APPLIED,2024-04-16,No,N/A,
Software Engineer II,Aurora Innovation,https://boards.greenhouse.io/aurorainnovation/jobs/7324943002,2024-04-11,APPLIED,2024-04-11,No,N/A,
Software Engineer,BitGo,https://boards.greenhouse.io/bitgo/jobs/7296738002,2024-04-11,APPLIED,2024-04-11,No,N/A,
"Software Engineer, Conversation Platform ",Moveworks,N/A,2024-04-11,APPLIED,2024-04-11,No,N/A,
Software Engineer - DPIO,Foursquare,N/A,2024-04-11,APPLIED,2024-04-11,No,N/A,
Data Infrastructure Software Engineer,Celonis,https://job-boards.greenhouse.io/celonis/jobs/5748572003?gh_jid=5748572003,2024-04-10,APPLIED,2024-04-10,No,N/A,
Software Engineer,American Express,N/A,2024-04-10,APPLIED,2024-04-10,No,N/A,
Full Stack Engineer,Ally Financial,N/A,2024-04-10,APPLIED,2024-04-10,No,N/A,
Software Engineer,Lyft,https://app.careerpuck.com/job-board/lyft/job/7121875002?gh_jid=7121875002,2024-04-09,APPLIED,2024-04-09,No,N/A,
Software Engineer,Tempus,https://boards.greenhouse.io/embed/job_app?token=6133027002,2024-04-09,APPLIED,2024-04-09,No,N/A,
Data Analyst,ASML,N/A,2024-04-09,REJECTED,2024-04-11,No,N/A,
Applications Integration Engineer,Databricks,N/A,2024-04-09,APPLIED,2024-04-09,No,N/A,
Software Engineer Level II,IHeartMedia,N/A,2024-04-09,APPLIED,2024-04-09,No,N/A,
Full Stack Software Engineer,DoubleVerify,https://boards.greenhouse.io/doubleverify/jobs/7227263002,2024-04-09,APPLIED,2024-04-09,No,N/A,
Software Engineer,Opto Investments,https://boards.greenhouse.io/optoinvest/jobs/5841354003,2024-04-05,APPLIED,2024-04-05,No,N/A,
Python Developer II,NBCareers,N/A,2024-04-05,APPLIED,2024-04-05,No,N/A,
Software Engineer,PayPal,N/A,2024-04-05,APPLIED,2024-04-05,No,N/A,
Software Engineer,Qualcomm,N/A,2024-04-05,APPLIED,2024-04-05,No,N/A,
Full Stack Engineer,Aurora Innovation,https://boards.greenhouse.io/aurorainnovation/jobs/7308715002,2024-04-05,APPLIED,2024-04-05,No,N/A,
Data Engineer,Hello Fresh,N/A,2024-04-05,APPLIED,2024-04-05,No,N/A,
Data Engineer,MongoDB,https://www.mongodb.com/careers/job/?gh_jid=5775138,2024-04-05,APPLIED,2024-04-05,No,N/A,
Analytics Engineer,FanDuel,https://www.fanduel.careers/open-positions?gh_jid=5600481,2024-04-05,APPLIED,2024-04-05,No,N/A,
Backend Software Engineer,Reddit,https://boards.greenhouse.io/reddit/jobs/5875478,2024-04-05,APPLIED,2024-04-05,No,N/A,
Software Engineer 3,MongoDB,https://www.mongodb.com/careers/job/?gh_jid=5731587,2024-04-05,APPLIED,2024-04-05,No,N/A,
Software Engineer,Coalition,https://careers.coalitioninc.com/job-posting/?gh_jid=4376725005,2024-04-05,APPLIED,2024-04-05,No,N/A,
Software Engineer,Microsoft,N/A,2024-04-05,APPLIED,2024-04-05,No,N/A,
Software Engineer,Two Sigma,N/A,2024-04-05,APPLIED,2024-04-05,No,N/A,
"Software Engineer, Full Stack",Capital One,N/A,2024-04-03,REJECTED,2024-08-13,No,N/A,
Back End Software Engineer II,Abnormal Security,https://careers.abnormalsecurity.com/jobs/5867720003?gh_jid=5867720003,2024-04-03,APPLIED,2024-04-03,No,N/A,
Trading Operations Developer (Python),GTS,N/A,2024-04-03,REJECTED,2024-04-03,No,N/A,
Software Engineer Java,Morgan Stanley,N/A,2024-04-03,APPLIED,2024-04-03,No,N/A,
Engineer - Java,American Express,N/A,2024-04-03,APPLIED,2024-04-03,No,N/A,
Software Engineer,Goldman Sachs,N/A,2024-04-03,APPLIED,2024-04-03,No,N/A,
SDET,Reveleer,N/A,2024-04-03,APPLIED,2024-04-03,No,N/A,
Software Engineer II,AvidXchange,N/A,2024-04-02,APPLIED,2024-04-02,No,N/A,
Application Software Engineer,SpaceX,N/A,2024-04-02,APPLIED,2024-04-02,No,N/A,
Software Engineer,Vestmark,https://boards.greenhouse.io/vestmark/jobs/5852306,2024-04-02,APPLIED,2024-04-02,No,N/A,
Software Engineer - NLP,Millennium Managment,N/A,2024-04-02,APPLIED,2024-04-02,No,N/A,
Software Engineer - Rotational,Meta,N/A,2024-04-02,APPLIED,2024-04-02,No,N/A,
Analytics Engineer,WhatNot,https://boards.greenhouse.io/whatnot/jobs/5140851004,2024-04-02,REJECTED,2024-04-05,No,N/A,
Software Engineer,Coalition,https://careers.coalitioninc.com/job-posting/?gh_jid=4367594005,2024-04-02,APPLIED,2024-04-02,No,N/A,
Software Engineer,Integral Ad Science,https://ats.comparably.com/api/v1/gh/integraladscience/jobs/5539582?gh_jid=5539582,2024-04-02,REJECTED,2024-08-13,No,N/A,
Software Engineer II,Shutterstock,N/A,2024-04-02,APPLIED,2024-04-02,No,N/A,
Software Engineer,Justworks,https://boards.greenhouse.io/justworks/jobs/5649373,2024-04-02,APPLIED,2024-04-02,No,N/A,
Quality Engineer,American Express,N/A,2024-04-02,REJECTED,2024-04-02,No,N/A,
Software Engineer,American Express,N/A,2024-04-02,APPLIED,2024-04-02,No,N/A,
Software Engineer - Java,American Express,N/A,2024-04-02,APPLIED,2024-04-02,No,N/A,
Senior Software Engineer,FalconX,https://boards.greenhouse.io/falconx/jobs/4297907005,2024-04-02,APPLIED,2024-04-02,No,N/A,
Quality Engineer II,Sirius XM Radio,N/A,2024-04-02,APPLIED,2024-04-02,No,N/A,
Senior Automated Quality Assurance Engineer,Interactive Brokers,https://job-boards.greenhouse.io/ibkr/jobs/4312988002,2024-04-01,REJECTED,2024-04-03,No,N/A,
Java Software Engineer  (Hybrid - Flexible Options),Broadridge,N/A,2024-04-01,REJECTED,2024-04-04,No,N/A,
Software Engineer – Mid level,Interactive Brokers,https://job-boards.greenhouse.io/ibkr/jobs/4555602002,2024-04-01,REJECTED,2024-04-02,No,N/A,
"Software Engineer, Full Stack",Capital One,N/A,2024-04-01,REJECTED,2024-04-03,No,N/A,
Python Developer Tools Engineer,Jane Street,https://job-boards.greenhouse.io/janestreet/jobs/6524216002,2024-03-29,APPLIED,2024-03-29,No,N/A,
Software Engineer,Applied Intuition,https://boards.greenhouse.io/appliedintuition/jobs/4045253005,2024-03-28,REJECTED,2024-04-01,No,N/A,
Software Engineer,Discord,https://boards.greenhouse.io/discord/jobs/7285839002,2024-03-28,APPLIED,2024-03-28,No,N/A,
Senior Software Engineer,Instawork,https://boards.greenhouse.io/instawork/jobs/4333334006,2024-03-28,APPLIED,2024-03-28,No,N/A,
"Senior, Software Engineer",Walmart,N/A,2024-03-28,APPLIED,2024-03-28,No,N/A,
Software Engineer,Applied Intuition,https://boards.greenhouse.io/appliedintuition/jobs/4045252005,2024-03-28,REJECTED,2024-04-01,No,N/A,
Online Software Engineer,2K,https://boards.greenhouse.io/2k/jobs/5935055003,2024-03-28,REJECTED,2024-04-01,No,N/A,
Software Engineer,Applied Intuition,https://boards.greenhouse.io/appliedintuition/jobs/4044661005,2024-03-28,REJECTED,2024-04-01,No,N/A,
Software Engineer - Java,Squarespace,N/A,2024-03-28,APPLIED,2024-03-28,No,N/A,
Quantitative Developer,Virtu Financial,https://boards.greenhouse.io/virtu/jobs/7272747002,2024-03-28,APPLIED,2024-03-28,No,N/A,
Software Development Test Engineer (SDET) III,Trimble,N/A,2024-03-28,APPLIED,2024-03-28,No,N/A,
SWE Test,Cirrus Logic,N/A,2024-03-28,APPLIED,2024-03-28,No,N/A,
Software Engineer II,DigitalOcean,https://www.digitalocean.com/careers/position/apply/?gh_jid=5851398,2024-03-28,APPLIED,2024-03-28,No,N/A,
Backend Software Engineer – Senior/Staff/Senior Staff,Duolingo,https://boards.greenhouse.io/duolingo/jobs/7302231002,2024-03-28,REJECTED,2024-04-02,No,N/A,
Software Dev Engineer II,Amazon,N/A,2024-03-28,APPLIED,2024-03-28,No,N/A,
Software Engineer III,Disco,https://www.csdisco.com/careers-listing?gh_jid=7298829002,2024-03-28,APPLIED,2024-03-28,No,N/A,
SWE,Goldman Sachs,N/A,2024-03-28,APPLIED,2024-03-28,No,N/A,
SWE,Anduril,N/A,2024-03-28,APPLIED,2024-03-28,No,N/A,
SWE,AMD,N/A,2024-03-28,APPLIED,2024-03-28,No,N/A,
Software Integration Engineer - II (R40578),"Blue Origin, LLC",N/A,2024-03-28,APPLIED,2024-03-28,No,N/A,
SDET,Comcast,N/A,2024-03-28,APPLIED,2024-03-28,No,N/A,
SDET,Revel It,N/A,2024-03-28,APPLIED,2024-03-28,No,N/A,
SWE,Whoop,N/A,2024-03-28,APPLIED,2024-03-28,No,N/A,
SDET,Fidelity Investments,N/A,2024-03-28,APPLIED,2024-03-28,No,N/A,
SWE,Microsoft,N/A,2024-03-28,APPLIED,2024-03-28,No,N/A,
Senior Software Engineer,The Farmer's Dog,https://boards.greenhouse.io/thefarmersdog/jobs/7102275002,2024-03-28,REJECTED,2024-03-29,No,N/A,
Senior Software Engineer,adMarketplace,https://job-boards.greenhouse.io/admarketplaceinc/jobs/4362461005,2024-03-27,REJECTED,2024-04-02,No,N/A,
Software Engineer,Freshpaint,https://jobs.ashbyhq.com/freshpaint/bfe56523-bff4-4ca3-936b-0ba15fb4e572/application,2024-03-18,REJECTED,2024-04-03,No,N/A,
Software Engineer II,DoorDash,https://boards.greenhouse.io/doordash/jobs/5630252,2024-03-14,APPLIED,2024-03-14,No,N/A,
Senior Software Engineer,Datadog,https://careers.datadoghq.com/detail/3851935/?gh_jid=3851935,2024-03-14,APPLIED,2024-03-14,No,N/A,
Senior Test Automation Engineer,Own Data,https://www.owndata.com/jobs?gh_jid=7254158002,2024-03-12,APPLIED,2024-03-12,No,N/A,
Software Engineer,Scribd,https://jobs.lever.co/scribd/7e4e6cdf-37ad-46dc-95b6-b15a635e6ec5/apply,2024-03-07,APPLIED,2024-03-07,No,N/A,
QA Automation Engineer,Two Six Technologies,https://boards.greenhouse.io/twosixtechnologies/jobs/5119088004,2024-03-07,APPLIED,2024-03-07,No,N/A,
Senior Python Engineer,Hudson River Trading,https://www.hudsonrivertrading.com/careers/job/?gh_jid=4384499,2024-03-07,REJECTED,2024-04-02,No,N/A,
Software Development Engineer in Test,EnergyHub,https://www.energyhub.com/careers/job-listings?gh_jid=7091756002,2024-02-20,APPLIED,2024-02-20,No,N/A,
QA Automation Engineer,Hungryroot,https://boards.greenhouse.io/hungryroot/jobs/5056579004,2024-02-20,APPLIED,2024-02-20,No,N/A,
Sr. Sdet – QA,dv01,https://boards.greenhouse.io/dv01/jobs/7214363002,2024-02-15,APPLIED,2024-02-15,No,N/A,
Software Development Engineer 2,DriveWealth,https://boards.greenhouse.io/drivewealth/jobs/5444613003,2024-02-15,APPLIED,2024-02-15,No,N/A,
SDET Engineer,ION Group,https://jobs.lever.co/ion/b73e2ac0-f060-47f3-b878-6869bcb70af0/apply,2024-02-15,APPLIED,2024-02-15,No,N/A,
Senior Software Quality Engineer,Truepic,https://boards.greenhouse.io/truepiccareers/jobs/5064622004,2024-02-14,APPLIED,2024-02-14,No,N/A,
Senior Software Engineer,OwnBackup,https://www.owndata.com/jobs?gh_jid=7082029002,2024-02-13,REJECTED,2024-04-02,No,N/A,
Software Development Engineer in Test,Roadie,https://boards.greenhouse.io/roadie/jobs/6919343002,2024-02-13,APPLIED,2024-02-13,No,N/A,
Software Engineer,One Brief,https://jobs.ashbyhq.com/onebrief/529db959-4a25-4e41-9bfc-afe7c3f75c93/application,2024-02-13,APPLIED,2024-02-13,No,N/A,
Senior Software Development Engineer in Test,Rockstar Games,https://boards.greenhouse.io/rockstargames/jobs/4433993003,2024-02-13,REJECTED,2024-04-02,No,N/A,
QA Automation Engineer,Bilt Rewards,https://boards.greenhouse.io/biltrewards/jobs/5015020004,2024-02-13,REJECTED,2024-04-02,No,N/A,
Senior Software Engineer in Test,Moloco,https://boards.greenhouse.io/moloco/jobs/5867962003,2024-02-13,APPLIED,2024-02-13,No,N/A,
Software Developer in Test,iCapital Network,https://boards.greenhouse.io/icapitalnetwork/jobs/7021689002,2024-02-13,APPLIED,2024-02-13,No,N/A,
Software Engineer in Test,Flock Safety,https://boards.greenhouse.io/flocksafety/jobs/7094970002,2024-02-13,APPLIED,2024-02-13,No,N/A,
SDET Engineer,Verra Mobility,https://boards.greenhouse.io/verramobility/jobs/4326834006,2024-02-13,APPLIED,2024-02-13,No,N/A,
Software Developer in Test,Kin Insurance,https://boards.greenhouse.io/kininsurance/jobs/4946789004,2024-02-13,REJECTED,2024-04-04,No,N/A,
Software Development Engineer in Test,Peloton,https://careers.onepeloton.com/en/all-jobs/?gh_jid=5665941,2024-02-13,REJECTED,2024-04-02,No,N/A,
Software Engineer in Test,US Mobile,https://jobs.lever.co/USMobile/ed04b6ad-18e4-4077-b554-94f686e1fdfd/apply,2024-02-12,APPLIED,2024-02-12,No,N/A,
Software Engineer,Scale AI,https://job-boards.greenhouse.io/scaleai/jobs/4302243005,2024-01-29,REJECTED,2024-04-02,No,N/A,
Software Engineer II,Pathward,https://boards.greenhouse.io/pathward/jobs/5062919004,2024-01-23,REJECTED,2024-04-02,No,N/A,
Senior Software Engineer,Level AI,https://jobs.lever.co/levelai/db432dfa-b4d5-447c-8b08-253b18ba78ec/apply,2024-01-23,APPLIED,2024-01-23,No,N/A,
Software Engineer,Stripe,https://stripe.com/jobs/search?gh_jid=5568307,2024-01-16,REJECTED,2024-04-02,No,N/A,
Senior Python Developer,Interactive Brokers,https://boards.greenhouse.io/ibkr/jobs/5219935002,2023-11-01,REJECTED,2024-04-02,No,N/A,
Software Developer,Interactive Brokers,https://boards.greenhouse.io/ibkr/jobs/6926618002,2023-11-01,REJECTED,2024-04-02,No,N/A,
Trading Operations Engineer,WorldQuant,https://boards.greenhouse.io/worldquant/jobs/4144152006,2023-10-23,REJECTED,2024-04-02,No,N/A,
Quantitative Developer,Beacon Platform,https://boards.greenhouse.io/beaconplatform/jobs/4997708004,2023-10-16,APPLIED,2023-10-16,No,N/A,
Library Software Engineer,Datadog,https://careers.datadoghq.com/detail/5369834/?gh_jid=5369834,2023-10-12,REJECTED,2024-04-02,No,N/A,
Senior Software Engineer,dYdX,https://job-boards.greenhouse.io/dydx/jobs/5151030002,2023-09-27,REJECTED,2024-04-02,No,N/A,
Senior Software Engineer,Tempus,https://boards.greenhouse.io/embed/job_app?token=6173394002,2023-09-27,REJECTED,2024-04-02,No,N/A,
Sr. Software Engineer,Betterment,https://www.betterment.com/careers/current-openings/job?gh_jid=5377248&gh_jid=5377248,2023-09-27,REJECTED,2024-04-02,No,N/A,
Software Engineer II - New Channel Ops,StubHub,https://jobs.lever.co/StubHub/702bd81c-3c7c-41f0-a7b0-298cdef93d53/apply?lever-source=Simplify,2023-09-27,REJECTED,2023-10-16,No,N/A,
Senior Python Developer,ION Group,https://jobs.lever.co/ion/93dfb7db-cd76-4a2e-bb65-c9eb373a8fac/apply,2023-09-25,REJECTED,2024-04-02,No,N/A,
